{"cameraMode":{"drawMode":0,"name":"Shaded","section":"Shading Mode"},"sceneLighting":true,"audioPlay":false,"sceneViewState":{"m_AlwaysRefresh":false,"showFog":true,"showSkybox":true,"showFlares":true,"showImageEffects":true,"showParticleSystems":true,"showVisualEffectGraphs":true,"m_FxEnabled":true},"in2DMode":false,"pivot":{"x":8.251581192016602,"y":2.122401237487793,"z":-82.40293884277344},"rotation":{"x":-0.00008107997564366087,"y":0.999000072479248,"z":0.044675689190626147,"w":0.0017977897077798844},"size":12.211753845214844,"orthographic":false}